flowID,src,dest,period[s],e2e_deadline[s],net_deadline[s],latency_bound[s],seqn,send_ts[s],rcv_ts[s],latency[s],slack[s],tightness[%]
1,1,2,10,30,3.2142,29.342,0,8.051,20.032,11.981,18.019,40.831
1,1,2,10,30,3.2142,29.342,1,18.051,34.955,16.904,13.096,57.611
1,1,2,10,30,3.2142,29.342,2,28.051,34.955,6.9042,23.096,23.53
1,1,2,10,30,3.2142,29.342,3,38.051,49.879,11.828,18.172,40.31
1,1,2,10,30,3.2142,29.342,4,48.051,64.802,16.751,13.249,57.09
1,1,2,10,30,3.2142,29.342,5,58.051,64.802,6.7513,23.249,23.009
1,1,2,10,30,3.2142,29.342,6,68.051,79.726,11.675,18.325,39.789
1,1,2,10,30,3.2142,29.342,7,78.051,94.649,16.598,13.402,56.569
1,1,2,10,30,3.2142,29.342,8,88.051,94.649,6.5984,23.402,22.488
1,1,2,10,30,3.2142,29.342,9,98.051,109.57,11.522,18.478,39.268
1,1,2,10,30,3.2142,29.342,10,108.05,124.5,16.445,13.555,56.048
1,1,2,10,30,3.2142,29.342,11,118.05,124.5,6.4455,23.555,21.967
2,1,3,10,30,3.2142,29.342,0,4.424,20.292,15.868,14.132,54.078
2,1,3,10,30,3.2142,29.342,1,14.424,35.215,20.791,9.2089,70.858
2,1,3,10,30,3.2142,29.342,2,24.424,35.215,10.791,19.209,36.778
2,1,3,10,30,3.2142,29.342,3,34.424,50.139,15.715,14.285,53.557
2,1,3,10,30,3.2142,29.342,4,44.424,65.062,20.638,9.3618,70.337
2,1,3,10,30,3.2142,29.342,5,54.424,65.062,10.638,19.362,36.256
2,1,3,10,30,3.2142,29.342,6,64.424,79.986,15.562,14.438,53.036
2,1,3,10,30,3.2142,29.342,7,74.424,94.909,20.485,9.5147,69.816
2,1,3,10,30,3.2142,29.342,8,84.424,94.909,10.485,19.515,35.735
2,1,3,10,30,3.2142,29.342,9,94.424,109.83,15.409,14.591,52.515
2,1,3,10,30,3.2142,29.342,10,104.42,124.76,20.332,9.6676,69.295
2,1,3,10,30,3.2142,29.342,11,114.42,124.76,10.332,19.668,35.214
3,1,4,10,30,3.2142,29.342,0,1.949,18.295,16.346,13.654,55.707
3,1,4,10,30,3.2142,29.342,1,11.949,33.218,21.269,8.7309,72.487
3,1,4,10,30,3.2142,29.342,2,21.949,33.218,11.269,18.731,38.407
3,1,4,10,30,3.2142,29.342,3,31.949,48.142,16.193,13.807,55.186
3,1,4,10,30,3.2142,29.342,4,41.949,63.065,21.116,8.8838,71.966
3,1,4,10,30,3.2142,29.342,5,51.949,63.065,11.116,18.884,37.886
3,1,4,10,30,3.2142,29.342,6,61.949,77.989,16.04,13.96,54.665
3,1,4,10,30,3.2142,29.342,7,71.949,92.912,20.963,9.0367,71.445
3,1,4,10,30,3.2142,29.342,8,81.949,92.912,10.963,19.037,37.364
3,1,4,10,30,3.2142,29.342,9,91.949,107.84,15.887,14.113,54.144
3,1,4,10,30,3.2142,29.342,10,101.95,122.76,20.81,9.1896,70.924
3,1,4,10,30,3.2142,29.342,11,111.95,122.76,10.81,19.19,36.843
4,1,5,10,30,3.2142,29.342,0,4.657,26.199,21.542,8.4585,73.416
4,1,5,10,30,3.2142,29.342,1,14.657,26.199,11.542,18.458,39.335
4,1,5,10,30,3.2142,29.342,2,24.657,41.122,16.465,13.535,56.115
4,1,5,10,30,3.2142,29.342,3,34.657,56.046,21.389,8.6114,72.895
4,1,5,10,30,3.2142,29.342,4,44.657,56.046,11.389,18.611,38.814
4,1,5,10,30,3.2142,29.342,5,54.657,70.969,16.312,13.688,55.594
4,1,5,10,30,3.2142,29.342,6,64.657,85.893,21.236,8.7643,72.374
4,1,5,10,30,3.2142,29.342,7,74.657,85.893,11.236,18.764,38.293
4,1,5,10,30,3.2142,29.342,8,84.657,100.82,16.159,13.841,55.073
4,1,5,10,30,3.2142,29.342,9,94.657,115.74,21.083,8.9172,71.853
4,1,5,10,30,3.2142,29.342,10,104.66,115.74,11.083,18.917,37.772
4,1,5,10,30,3.2142,29.342,11,114.66,130.66,16.006,13.994,54.551
5,1,6,10,30,3.2142,29.342,0,4.735,20.791,16.056,13.944,54.719
5,1,6,10,30,3.2142,29.342,1,14.735,35.714,20.979,9.0209,71.499
5,1,6,10,30,3.2142,29.342,2,24.735,35.714,10.979,19.021,37.418
5,1,6,10,30,3.2142,29.342,3,34.735,50.638,15.903,14.097,54.198
5,1,6,10,30,3.2142,29.342,4,44.735,65.561,20.826,9.1738,70.978
5,1,6,10,30,3.2142,29.342,5,54.735,65.561,10.826,19.174,36.897
5,1,6,10,30,3.2142,29.342,6,64.735,80.485,15.75,14.25,53.677
5,1,6,10,30,3.2142,29.342,7,74.735,95.408,20.673,9.3267,70.457
5,1,6,10,30,3.2142,29.342,8,84.735,95.408,10.673,19.327,36.376
5,1,6,10,30,3.2142,29.342,9,94.735,110.33,15.597,14.403,53.156
5,1,6,10,30,3.2142,29.342,10,104.73,125.26,20.52,9.4796,69.936
5,1,6,10,30,3.2142,29.342,11,114.73,125.26,10.52,19.48,35.855
6,1,7,10,30,3.2142,29.342,0,8.092,14.935,6.8425,23.157,23.32
6,1,7,10,30,3.2142,29.342,1,18.092,29.858,11.766,18.234,40.1
6,1,7,10,30,3.2142,29.342,2,28.092,44.782,16.69,13.31,56.88
6,1,7,10,30,3.2142,29.342,3,38.092,44.782,6.6897,23.31,22.799
6,1,7,10,30,3.2142,29.342,4,48.092,59.705,11.613,18.387,39.579
6,1,7,10,30,3.2142,29.342,5,58.092,74.629,16.537,13.463,56.359
6,1,7,10,30,3.2142,29.342,6,68.092,74.629,6.5368,23.463,22.278
6,1,7,10,30,3.2142,29.342,7,78.092,89.552,11.46,18.54,39.058
6,1,7,10,30,3.2142,29.342,8,88.092,104.48,16.384,13.616,55.838
6,1,7,10,30,3.2142,29.342,9,98.092,104.48,6.3839,23.616,21.757
6,1,7,10,30,3.2142,29.342,10,108.09,119.4,11.307,18.693,38.537
6,1,7,10,30,3.2142,29.342,11,118.09,134.32,16.231,13.769,55.317
7,1,8,10,30,3.2142,29.342,0,4.625,23.466,18.841,11.159,64.211
7,1,8,10,30,3.2142,29.342,1,14.625,23.466,8.8407,21.159,30.13
7,1,8,10,30,3.2142,29.342,2,24.625,38.389,13.764,16.236,46.91
7,1,8,10,30,3.2142,29.342,3,34.625,53.313,18.688,11.312,63.689
7,1,8,10,30,3.2142,29.342,4,44.625,53.313,8.6877,21.312,29.609
7,1,8,10,30,3.2142,29.342,5,54.625,68.236,13.611,16.389,46.388
7,1,8,10,30,3.2142,29.342,6,64.625,83.16,18.535,11.465,63.168
7,1,8,10,30,3.2142,29.342,7,74.625,83.16,8.5348,21.465,29.088
7,1,8,10,30,3.2142,29.342,8,84.625,98.083,13.458,16.542,45.867
7,1,8,10,30,3.2142,29.342,9,94.625,113.01,18.382,11.618,62.647
7,1,8,10,30,3.2142,29.342,10,104.62,113.01,8.3819,21.618,28.567
7,1,8,10,30,3.2142,29.342,11,114.62,127.93,13.305,16.695,45.346
8,1,9,10,30,3.2142,29.342,0,9.98,16.541,6.5605,23.439,22.359
8,1,9,10,30,3.2142,29.342,1,19.98,31.464,11.484,18.516,39.139
8,1,9,10,30,3.2142,29.342,2,29.98,46.388,16.408,13.592,55.919
8,1,9,10,30,3.2142,29.342,3,39.98,46.388,6.4077,23.592,21.838
8,1,9,10,30,3.2142,29.342,4,49.98,61.311,11.331,18.669,38.618
8,1,9,10,30,3.2142,29.342,5,59.98,76.235,16.255,13.745,55.398
8,1,9,10,30,3.2142,29.342,6,69.98,76.235,6.2548,23.745,21.317
8,1,9,10,30,3.2142,29.342,7,79.98,91.158,11.178,18.822,38.097
8,1,9,10,30,3.2142,29.342,8,89.98,106.08,16.102,13.898,54.877
8,1,9,10,30,3.2142,29.342,9,99.98,106.08,6.1019,23.898,20.796
8,1,9,10,30,3.2142,29.342,10,109.98,121.01,11.025,18.975,37.576
8,1,9,10,30,3.2142,29.342,11,119.98,135.93,15.949,14.051,54.356
9,1,10,10,30,3.2142,29.342,0,0.021,13.631,13.61,16.39,46.384
9,1,10,10,30,3.2142,29.342,1,10.021,28.555,18.534,11.466,63.164
9,1,10,10,30,3.2142,29.342,2,20.021,43.478,23.457,6.5429,79.944
9,1,10,10,30,3.2142,29.342,3,30.021,43.478,13.457,16.543,45.864
9,1,10,10,30,3.2142,29.342,4,40.021,58.402,18.381,11.619,62.643
9,1,10,10,30,3.2142,29.342,5,50.021,73.325,23.304,6.6958,79.423
9,1,10,10,30,3.2142,29.342,6,60.021,73.325,13.304,16.696,45.342
9,1,10,10,30,3.2142,29.342,7,70.021,88.249,18.228,11.772,62.122
9,1,10,10,30,3.2142,29.342,8,80.021,103.17,23.151,6.8487,78.902
9,1,10,10,30,3.2142,29.342,9,90.021,103.17,13.151,16.849,44.821
9,1,10,10,30,3.2142,29.342,10,100.02,118.1,18.075,11.925,61.601
9,1,10,10,30,3.2142,29.342,11,110.02,133.02,22.998,7.0016,78.381
10,1,11,10,30,3.2142,29.342,0,3.696,18.93,15.234,14.766,51.918
10,1,11,10,30,3.2142,29.342,1,13.696,33.853,20.157,9.8429,68.698
10,1,11,10,30,3.2142,29.342,2,23.696,33.853,10.157,19.843,34.617
10,1,11,10,30,3.2142,29.342,3,33.696,48.777,15.081,14.919,51.396
10,1,11,10,30,3.2142,29.342,4,43.696,63.7,20.004,9.9958,68.176
10,1,11,10,30,3.2142,29.342,5,53.696,63.7,10.004,19.996,34.096
10,1,11,10,30,3.2142,29.342,6,63.696,78.624,14.928,15.072,50.875
10,1,11,10,30,3.2142,29.342,7,73.696,93.547,19.851,10.149,67.655
10,1,11,10,30,3.2142,29.342,8,83.696,93.547,9.8514,20.149,33.575
10,1,11,10,30,3.2142,29.342,9,93.696,108.47,14.775,15.225,50.354
10,1,11,10,30,3.2142,29.342,10,103.7,123.39,19.698,10.302,67.134
10,1,11,10,30,3.2142,29.342,11,113.7,123.39,9.6985,20.302,33.053
11,1,12,10,30,3.2142,29.342,0,2.188,17.65,15.462,14.538,52.695
11,1,12,10,30,3.2142,29.342,1,12.188,32.573,20.385,9.6149,69.475
11,1,12,10,30,3.2142,29.342,2,22.188,32.573,10.385,19.615,35.394
11,1,12,10,30,3.2142,29.342,3,32.188,47.497,15.309,14.691,52.173
11,1,12,10,30,3.2142,29.342,4,42.188,62.42,20.232,9.7678,68.953
11,1,12,10,30,3.2142,29.342,5,52.188,62.42,10.232,19.768,34.873
11,1,12,10,30,3.2142,29.342,6,62.188,77.344,15.156,14.844,51.652
11,1,12,10,30,3.2142,29.342,7,72.188,92.267,20.079,9.9207,68.432
11,1,12,10,30,3.2142,29.342,8,82.188,92.267,10.079,19.921,34.352
11,1,12,10,30,3.2142,29.342,9,92.188,107.19,15.003,14.997,51.131
11,1,12,10,30,3.2142,29.342,10,102.19,122.11,19.926,10.074,67.911
11,1,12,10,30,3.2142,29.342,11,112.19,122.11,9.9265,20.074,33.83
12,1,13,10,30,3.2142,29.342,0,4.32,24.422,20.102,9.8985,68.508
12,1,13,10,30,3.2142,29.342,1,14.32,24.422,10.102,19.898,34.428
12,1,13,10,30,3.2142,29.342,2,24.32,39.345,15.025,14.975,51.207
12,1,13,10,30,3.2142,29.342,3,34.32,54.269,19.949,10.051,67.987
12,1,13,10,30,3.2142,29.342,4,44.32,54.269,9.9487,20.051,33.906
12,1,13,10,30,3.2142,29.342,5,54.32,69.192,14.872,15.128,50.686
12,1,13,10,30,3.2142,29.342,6,64.32,84.116,19.796,10.204,67.466
12,1,13,10,30,3.2142,29.342,7,74.32,84.116,9.7958,20.204,33.385
12,1,13,10,30,3.2142,29.342,8,84.32,99.039,14.719,15.281,50.165
12,1,13,10,30,3.2142,29.342,9,94.32,113.96,19.643,10.357,66.945
12,1,13,10,30,3.2142,29.342,10,104.32,113.96,9.6429,20.357,32.864
12,1,13,10,30,3.2142,29.342,11,114.32,128.89,14.566,15.434,49.644
13,1,14,10,30,3.2142,29.342,0,2.225,12.164,9.939,20.061,33.873
13,1,14,10,30,3.2142,29.342,1,12.225,27.088,14.863,15.137,50.653
13,1,14,10,30,3.2142,29.342,2,22.225,42.011,19.786,10.214,67.433
13,1,14,10,30,3.2142,29.342,3,32.225,42.011,9.7862,20.214,33.352
13,1,14,10,30,3.2142,29.342,4,42.225,56.935,14.71,15.29,50.132
13,1,14,10,30,3.2142,29.342,5,52.225,71.858,19.633,10.367,66.912
13,1,14,10,30,3.2142,29.342,6,62.225,71.858,9.6333,20.367,32.831
13,1,14,10,30,3.2142,29.342,7,72.225,86.782,14.557,15.443,49.611
13,1,14,10,30,3.2142,29.342,8,82.225,101.71,19.48,10.52,66.391
13,1,14,10,30,3.2142,29.342,9,92.225,116.63,24.404,5.5962,83.171
13,1,14,10,30,3.2142,29.342,10,102.22,116.63,14.404,15.596,49.09
13,1,14,10,30,3.2142,29.342,11,112.22,131.55,19.327,10.673,65.87
14,1,15,10,30,3.2142,29.342,0,9.388,19.792,10.404,19.596,35.456
14,1,15,10,30,3.2142,29.342,1,19.388,34.715,15.327,14.673,52.236
14,1,15,10,30,3.2142,29.342,2,29.388,34.715,5.3272,24.673,18.156
14,1,15,10,30,3.2142,29.342,3,39.388,49.639,10.251,19.749,34.935
14,1,15,10,30,3.2142,29.342,4,49.388,64.562,15.174,14.826,51.715
14,1,15,10,30,3.2142,29.342,5,59.388,64.562,5.1743,24.826,17.635
14,1,15,10,30,3.2142,29.342,6,69.388,79.486,10.098,19.902,34.414
14,1,15,10,30,3.2142,29.342,7,79.388,94.409,15.021,14.979,51.194
14,1,15,10,30,3.2142,29.342,8,89.388,94.409,5.0214,24.979,17.113
14,1,15,10,30,3.2142,29.342,9,99.388,109.33,9.9448,20.055,33.893
14,1,15,10,30,3.2142,29.342,10,109.39,124.26,14.868,15.132,50.673
14,1,15,10,30,3.2142,29.342,11,119.39,124.26,4.8685,25.132,16.592
15,1,16,10,30,3.2142,29.342,0,5.022,24.466,19.444,10.556,66.266
15,1,16,10,30,3.2142,29.342,1,15.022,24.466,9.4437,20.556,32.185
15,1,16,10,30,3.2142,29.342,2,25.022,39.389,14.367,15.633,48.965
15,1,16,10,30,3.2142,29.342,3,35.022,54.313,19.291,10.709,65.745
15,1,16,10,30,3.2142,29.342,4,45.022,54.313,9.2907,20.709,31.664
15,1,16,10,30,3.2142,29.342,5,55.022,69.236,14.214,15.786,48.443
15,1,16,10,30,3.2142,29.342,6,65.022,84.16,19.138,10.862,65.223
15,1,16,10,30,3.2142,29.342,7,75.022,84.16,9.1378,20.862,31.143
15,1,16,10,30,3.2142,29.342,8,85.022,99.083,14.061,15.939,47.922
15,1,16,10,30,3.2142,29.342,9,95.022,114.01,18.985,11.015,64.702
15,1,16,10,30,3.2142,29.342,10,105.02,114.01,8.9849,21.015,30.622
15,1,16,10,30,3.2142,29.342,11,115.02,128.93,13.908,16.092,47.401
16,1,17,10,30,3.2142,29.342,0,2.983,18.057,15.074,14.926,51.372
16,1,17,10,30,3.2142,29.342,1,12.983,32.98,19.997,10.003,68.152
16,1,17,10,30,3.2142,29.342,2,22.983,32.98,9.9972,20.003,34.072
16,1,17,10,30,3.2142,29.342,3,32.983,47.904,14.921,15.079,50.851
16,1,17,10,30,3.2142,29.342,4,42.983,62.827,19.844,10.156,67.631
16,1,17,10,30,3.2142,29.342,5,52.983,62.827,9.8443,20.156,33.55
16,1,17,10,30,3.2142,29.342,6,62.983,77.751,14.768,15.232,50.33
16,1,17,10,30,3.2142,29.342,7,72.983,92.674,19.691,10.309,67.11
16,1,17,10,30,3.2142,29.342,8,82.983,92.674,9.6914,20.309,33.029
16,1,17,10,30,3.2142,29.342,9,92.983,107.6,14.615,15.385,49.809
16,1,17,10,30,3.2142,29.342,10,102.98,122.52,19.538,10.462,66.589
16,1,17,10,30,3.2142,29.342,11,112.98,122.52,9.5385,20.462,32.508
17,1,18,10,30,3.2142,29.342,0,7.988,14.466,6.478,23.522,22.078
17,1,18,10,30,3.2142,29.342,1,17.988,29.39,11.402,18.598,38.858
17,1,18,10,30,3.2142,29.342,2,27.988,44.313,16.325,13.675,55.638
17,1,18,10,30,3.2142,29.342,3,37.988,44.313,6.3252,23.675,21.557
17,1,18,10,30,3.2142,29.342,4,47.988,59.237,11.249,18.751,38.337
17,1,18,10,30,3.2142,29.342,5,57.988,74.16,16.172,13.828,55.117
17,1,18,10,30,3.2142,29.342,6,67.988,74.16,6.1723,23.828,21.036
17,1,18,10,30,3.2142,29.342,7,77.988,89.084,11.096,18.904,37.815
17,1,18,10,30,3.2142,29.342,8,87.988,104.01,16.019,13.981,54.595
17,1,18,10,30,3.2142,29.342,9,97.988,104.01,6.0194,23.981,20.515
17,1,18,10,30,3.2142,29.342,10,107.99,118.93,10.943,19.057,37.294
17,1,18,10,30,3.2142,29.342,11,117.99,133.85,15.866,14.134,54.074
18,1,19,10,30,3.2142,29.342,0,10.582,19.559,8.9765,21.023,30.593
18,1,19,10,30,3.2142,29.342,1,20.582,34.482,13.9,16.1,47.373
18,1,19,10,30,3.2142,29.342,2,30.582,49.406,18.824,11.176,64.153
18,1,19,10,30,3.2142,29.342,3,40.582,64.329,23.747,6.2528,80.933
18,1,19,10,30,3.2142,29.342,4,50.582,64.329,13.747,16.253,46.852
18,1,19,10,30,3.2142,29.342,5,60.582,79.253,18.671,11.329,63.632
18,1,19,10,30,3.2142,29.342,6,70.582,94.176,23.594,6.4057,80.412
18,1,19,10,30,3.2142,29.342,7,80.582,94.176,13.594,16.406,46.331
18,1,19,10,30,3.2142,29.342,8,90.582,109.1,18.518,11.482,63.111
18,1,19,10,30,3.2142,29.342,9,100.58,124.02,23.441,6.5586,79.891
18,1,19,10,30,3.2142,29.342,10,110.58,124.02,13.441,16.559,45.81
19,1,20,10,30,3.2142,29.342,0,3.942,19.986,16.044,13.956,54.678
19,1,20,10,30,3.2142,29.342,1,13.942,34.909,20.967,9.0329,71.458
19,1,20,10,30,3.2142,29.342,2,23.942,34.909,10.967,19.033,37.377
19,1,20,10,30,3.2142,29.342,3,33.942,49.833,15.891,14.109,54.157
19,1,20,10,30,3.2142,29.342,4,43.942,64.756,20.814,9.1858,70.937
19,1,20,10,30,3.2142,29.342,5,53.942,64.756,10.814,19.186,36.856
19,1,20,10,30,3.2142,29.342,6,63.942,79.68,15.738,14.262,53.636
19,1,20,10,30,3.2142,29.342,7,73.942,94.603,20.661,9.3387,70.416
19,1,20,10,30,3.2142,29.342,8,83.942,94.603,10.661,19.339,36.335
19,1,20,10,30,3.2142,29.342,9,93.942,109.53,15.585,14.415,53.115
19,1,20,10,30,3.2142,29.342,10,103.94,124.45,20.508,9.4916,69.895
19,1,20,10,30,3.2142,29.342,11,113.94,124.45,10.508,19.492,35.814
20,2,1,10,30,3.2142,19.342,0,8.451,14.583,6.132,23.868,31.703
20,2,1,10,30,3.2142,19.342,1,18.451,24.43,5.9791,24.021,30.913
20,2,1,10,30,3.2142,19.342,2,28.451,34.278,5.8266,24.173,30.124
20,2,1,10,30,3.2142,19.342,3,38.451,44.125,5.6737,24.326,29.334
20,2,1,10,30,3.2142,19.342,4,48.451,53.972,5.5208,24.479,28.543
20,2,1,10,30,3.2142,19.342,5,58.451,63.819,5.3679,24.632,27.753
20,2,1,10,30,3.2142,19.342,6,68.451,73.666,5.215,24.785,26.962
20,2,1,10,30,3.2142,19.342,7,78.451,83.513,5.062,24.938,26.172
20,2,1,10,30,3.2142,19.342,8,88.451,93.361,4.9096,25.09,25.383
20,2,1,10,30,3.2142,19.342,9,98.451,103.21,4.7567,25.243,24.593
20,2,1,10,30,3.2142,19.342,10,108.45,113.05,4.6038,25.396,23.802
20,2,1,10,30,3.2142,19.342,11,118.45,122.9,4.4508,25.549,23.012
21,2,1,1.0714,10,1.0714,8.2704,0,0.005,4.735,4.73,5.27,57.192
21,2,1,1.0714,10,1.0714,8.2704,1,1.0764,4.7352,3.6588,6.3412,44.24
21,2,1,1.0714,10,1.0714,8.2704,2,2.1478,9.6585,7.5107,2.4893,90.815
21,2,1,1.0714,10,1.0714,8.2704,3,3.2192,9.659,6.4397,3.5603,77.865
21,2,1,1.0714,10,1.0714,8.2704,4,4.2907,9.6594,5.3688,4.6312,64.916
21,2,1,1.0714,10,1.0714,8.2704,5,5.3621,9.6599,4.2978,5.7022,51.966
21,2,1,1.0714,10,1.0714,8.2704,6,6.4335,9.6603,3.2268,6.7732,39.017
21,2,1,1.0714,10,1.0714,8.2704,7,7.5049,14.582,7.0772,2.9228,85.573
21,2,1,1.0714,10,1.0714,8.2704,8,8.5763,14.583,6.0062,3.9938,72.623
21,2,1,1.0714,10,1.0714,8.2704,9,9.6477,14.585,4.9373,5.0627,59.698
21,2,1,1.0714,10,1.0714,8.2704,10,10.719,14.585,3.8663,6.1337,46.749
21,2,1,1.0714,10,1.0714,8.2704,11,11.791,19.506,7.7151,2.2849,93.286
21,2,1,1.0714,10,1.0714,8.2704,12,12.862,19.506,6.6441,3.3559,80.336
21,2,1,1.0714,10,1.0714,8.2704,13,13.933,19.507,5.5731,4.4269,67.387
21,2,1,1.0714,10,1.0714,8.2704,14,15.005,19.507,4.5022,5.4978,54.437
21,2,1,1.0714,10,1.0714,8.2704,15,16.076,19.507,3.4312,6.5688,41.488
21,2,1,1.0714,10,1.0714,8.2704,16,17.148,24.429,7.2815,2.7185,88.044
21,2,1,1.0714,10,1.0714,8.2704,17,18.219,24.43,6.2106,3.7894,75.094
21,2,1,1.0714,10,1.0714,8.2704,18,19.29,24.432,5.1416,4.8584,62.169
21,2,1,1.0714,10,1.0714,8.2704,19,20.362,24.433,4.0706,5.9294,49.22
21,2,1,1.0714,10,1.0714,8.2704,20,21.433,29.353,7.9194,2.0806,95.756
21,2,1,1.0714,10,1.0714,8.2704,21,22.505,29.353,6.8484,3.1516,82.807
21,2,1,1.0714,10,1.0714,8.2704,22,23.576,29.354,5.7775,4.2225,69.857
21,2,1,1.0714,10,1.0714,8.2704,23,24.648,29.354,4.7065,5.2935,56.908
21,2,1,1.0714,10,1.0714,8.2704,24,25.719,29.355,3.6355,6.3645,43.959
21,2,1,1.0714,10,1.0714,8.2704,25,26.79,34.276,7.4859,2.5141,90.514
21,2,1,1.0714,10,1.0714,8.2704,26,27.862,34.277,6.4149,3.5851,77.565
21,2,1,1.0714,10,1.0714,8.2704,27,28.933,34.277,5.3439,4.6561,64.615
21,2,1,1.0714,10,1.0714,8.2704,28,30.005,34.28,4.2751,5.7249,51.692
21,2,1,1.0714,10,1.0714,8.2704,29,31.076,34.28,3.2041,6.7959,38.742
21,2,1,1.0714,10,1.0714,8.2704,30,32.147,39.2,7.0523,2.9477,85.272
21,2,1,1.0714,10,1.0714,8.2704,31,33.219,39.2,5.9814,4.0186,72.323
21,2,1,1.0714,10,1.0714,8.2704,32,34.29,39.201,4.9104,5.0896,59.373
21,2,1,1.0714,10,1.0714,8.2704,33,35.362,39.201,3.8394,6.1606,46.424
21,2,1,1.0714,10,1.0714,8.2704,34,36.433,44.123,7.6902,2.3098,92.985
21,2,1,1.0714,10,1.0714,8.2704,35,37.505,44.124,6.6192,3.3808,80.036
21,2,1,1.0714,10,1.0714,8.2704,36,38.576,44.124,5.5483,4.4517,67.086
21,2,1,1.0714,10,1.0714,8.2704,37,39.647,44.127,4.4794,5.5206,54.162
21,2,1,1.0714,10,1.0714,8.2704,38,40.719,44.127,3.4085,6.5915,41.213
21,2,1,1.0714,10,1.0714,8.2704,39,41.79,49.047,7.2567,2.7433,87.743
21,2,1,1.0714,10,1.0714,8.2704,40,42.862,49.047,6.1857,3.8143,74.794
21,2,1,1.0714,10,1.0714,8.2704,41,43.933,49.048,5.1147,4.8853,61.844
21,2,1,1.0714,10,1.0714,8.2704,42,45.004,49.048,4.0438,5.9562,48.895
21,2,1,1.0714,10,1.0714,8.2704,43,46.076,53.97,7.8946,2.1054,95.456
21,2,1,1.0714,10,1.0714,8.2704,44,47.147,53.971,6.8236,3.1764,82.506
21,2,1,1.0714,10,1.0714,8.2704,45,48.219,53.971,5.7526,4.2474,69.557
21,2,1,1.0714,10,1.0714,8.2704,46,49.29,53.974,4.6838,5.3162,56.633
21,2,1,1.0714,10,1.0714,8.2704,47,50.362,53.974,3.6128,6.3872,43.684
21,2,1,1.0714,10,1.0714,8.2704,48,51.433,58.894,7.461,2.539,90.214
21,2,1,1.0714,10,1.0714,8.2704,49,52.504,58.894,6.39,3.61,77.264
21,2,1,1.0714,10,1.0714,8.2704,50,53.576,58.895,5.3191,4.6809,64.315
21,2,1,1.0714,10,1.0714,8.2704,51,54.647,58.895,4.2481,5.7519,51.365
21,2,1,1.0714,10,1.0714,8.2704,52,55.719,58.896,3.1771,6.8229,38.416
21,2,1,1.0714,10,1.0714,8.2704,53,56.79,63.818,7.0275,2.9725,84.972
21,2,1,1.0714,10,1.0714,8.2704,54,57.861,63.818,5.9565,4.0435,72.022
21,2,1,1.0714,10,1.0714,8.2704,55,58.933,63.818,4.8855,5.1145,59.073
21,2,1,1.0714,10,1.0714,8.2704,56,60.004,63.821,3.8167,6.1833,46.149
21,2,1,1.0714,10,1.0714,8.2704,57,61.076,68.741,7.6654,2.3346,92.685
21,2,1,1.0714,10,1.0714,8.2704,58,62.147,68.742,6.5944,3.4056,79.735
21,2,1,1.0714,10,1.0714,8.2704,59,63.219,68.742,5.5234,4.4766,66.786
21,2,1,1.0714,10,1.0714,8.2704,60,64.29,68.742,4.4525,5.5475,53.836
21,2,1,1.0714,10,1.0714,8.2704,61,65.361,68.743,3.3815,6.6185,40.887
21,2,1,1.0714,10,1.0714,8.2704,62,66.433,73.665,7.2318,2.7682,87.443
21,2,1,1.0714,10,1.0714,8.2704,63,67.504,73.665,6.1609,3.8391,74.493
21,2,1,1.0714,10,1.0714,8.2704,64,68.576,73.666,5.0899,4.9101,61.544
21,2,1,1.0714,10,1.0714,8.2704,65,69.647,73.668,4.021,5.979,48.62
21,2,1,1.0714,10,1.0714,8.2704,66,70.718,78.588,7.8697,2.1303,95.155
21,2,1,1.0714,10,1.0714,8.2704,67,71.79,78.589,6.7987,3.2013,82.206
21,2,1,1.0714,10,1.0714,8.2704,68,72.861,78.589,5.7278,4.2722,69.257
21,2,1,1.0714,10,1.0714,8.2704,69,73.933,78.59,4.6568,5.3432,56.307
21,2,1,1.0714,10,1.0714,8.2704,70,75.004,78.59,3.5858,6.4142,43.358
21,2,1,1.0714,10,1.0714,8.2704,71,76.076,83.512,7.4362,2.5638,89.913
21,2,1,1.0714,10,1.0714,8.2704,72,77.147,83.512,6.3652,3.6348,76.964
21,2,1,1.0714,10,1.0714,8.2704,73,78.218,83.513,5.2942,4.7058,64.014
21,2,1,1.0714,10,1.0714,8.2704,74,79.29,83.515,4.2254,5.7746,51.091
21,2,1,1.0714,10,1.0714,8.2704,75,80.361,83.516,3.1544,6.8456,38.141
21,2,1,1.0714,10,1.0714,8.2704,76,81.433,88.435,7.0026,2.9974,84.671
21,2,1,1.0714,10,1.0714,8.2704,77,82.504,88.436,5.9317,4.0683,71.722
21,2,1,1.0714,10,1.0714,8.2704,78,83.575,88.436,4.8607,5.1393,58.772
21,2,1,1.0714,10,1.0714,8.2704,79,84.647,88.437,3.7897,6.2103,45.823
21,2,1,1.0714,10,1.0714,8.2704,80,85.718,93.359,7.6405,2.3595,92.384
21,2,1,1.0714,10,1.0714,8.2704,81,86.79,93.359,6.5695,3.4305,79.435
21,2,1,1.0714,10,1.0714,8.2704,82,87.861,93.36,5.4986,4.5014,66.485
21,2,1,1.0714,10,1.0714,8.2704,83,88.933,93.36,4.4276,5.5724,53.536
21,2,1,1.0714,10,1.0714,8.2704,84,90.004,93.363,3.3588,6.6412,40.612
21,2,1,1.0714,10,1.0714,8.2704,85,91.075,98.282,7.207,2.793,87.142
21,2,1,1.0714,10,1.0714,8.2704,86,92.147,98.283,6.136,3.864,74.193
21,2,1,1.0714,10,1.0714,8.2704,87,93.218,98.283,5.065,4.935,61.243
21,2,1,1.0714,10,1.0714,8.2704,88,94.29,98.284,3.9941,6.0059,48.294
21,2,1,1.0714,10,1.0714,8.2704,89,95.361,103.21,7.8449,2.1551,94.855
21,2,1,1.0714,10,1.0714,8.2704,90,96.432,103.21,6.7739,3.2261,81.906
21,2,1,1.0714,10,1.0714,8.2704,91,97.504,103.21,5.7029,4.2971,68.956
21,2,1,1.0714,10,1.0714,8.2704,92,98.575,103.21,4.632,5.368,56.007
21,2,1,1.0714,10,1.0714,8.2704,93,99.647,103.21,3.5631,6.4369,43.083
21,2,1,1.0714,10,1.0714,8.2704,94,100.72,108.13,7.4113,2.5887,89.613
21,2,1,1.0714,10,1.0714,8.2704,95,101.79,108.13,6.3404,3.6596,76.664
21,2,1,1.0714,10,1.0714,8.2704,96,102.86,108.13,5.2694,4.7306,63.714
21,2,1,1.0714,10,1.0714,8.2704,97,103.93,108.13,4.1984,5.8016,50.765
21,2,1,1.0714,10,1.0714,8.2704,98,105,113.05,8.0492,1.9508,97.326
21,2,1,1.0714,10,1.0714,8.2704,99,106.08,113.05,6.9782,3.0218,84.376
21,2,1,1.0714,10,1.0714,8.2704,100,107.15,113.05,5.9073,4.0927,71.427
21,2,1,1.0714,10,1.0714,8.2704,101,108.22,113.05,4.8363,5.1637,58.477
21,2,1,1.0714,10,1.0714,8.2704,102,109.29,113.06,3.7675,6.2325,45.554
21,2,1,1.0714,10,1.0714,8.2704,103,110.36,117.98,7.6157,2.3843,92.084
21,2,1,1.0714,10,1.0714,8.2704,104,111.43,117.98,6.5447,3.4553,79.134
21,2,1,1.0714,10,1.0714,8.2704,105,112.5,117.98,5.4737,4.5263,66.185
21,2,1,1.0714,10,1.0714,8.2704,106,113.58,117.98,4.4028,5.5972,53.235
21,2,1,1.0714,10,1.0714,8.2704,107,114.65,117.98,3.3318,6.6682,40.286
21,2,1,1.0714,10,1.0714,8.2704,108,115.72,122.9,7.1821,2.8179,86.842
21,2,1,1.0714,10,1.0714,8.2704,109,116.79,122.9,6.1112,3.8888,73.892
21,2,1,1.0714,10,1.0714,8.2704,110,117.86,122.9,5.0402,4.9598,60.943
21,2,1,1.0714,10,1.0714,8.2704,111,118.93,122.9,3.9692,6.0308,47.993
22,3,1,10,30,3.2142,19.342,0,0.147,14.583,14.436,15.564,74.637
22,3,1,10,30,3.2142,19.342,1,10.147,24.43,14.283,15.717,73.846
22,3,1,10,30,3.2142,19.342,2,20.147,34.278,14.131,15.869,73.058
22,3,1,10,30,3.2142,19.342,3,30.147,44.125,13.978,16.022,72.267
22,3,1,10,30,3.2142,19.342,4,40.147,53.972,13.825,16.175,71.477
22,3,1,10,30,3.2142,19.342,5,50.147,63.819,13.672,16.328,70.686
22,3,1,10,30,3.2142,19.342,6,60.147,73.666,13.519,16.481,69.896
22,3,1,10,30,3.2142,19.342,7,70.147,83.513,13.366,16.634,69.105
22,3,1,10,30,3.2142,19.342,8,80.147,93.361,13.214,16.786,68.317
22,3,1,10,30,3.2142,19.342,9,90.147,103.21,13.061,16.939,67.526
22,3,1,10,30,3.2142,19.342,10,100.15,113.05,12.908,17.092,66.736
22,3,1,10,30,3.2142,19.342,11,110.15,122.9,12.755,17.245,65.945
23,3,1,1.0714,10,1.0714,8.2704,0,0.49,4.7351,4.2451,5.7549,51.329
23,3,1,1.0714,10,1.0714,8.2704,1,1.5614,4.7353,3.1739,6.8261,38.377
23,3,1,1.0714,10,1.0714,8.2704,2,2.6328,9.6587,7.0258,2.9742,84.952
23,3,1,1.0714,10,1.0714,8.2704,3,3.7042,9.6591,5.9549,4.0451,72.002
23,3,1,1.0714,10,1.0714,8.2704,4,4.7757,9.6596,4.8839,5.1161,59.053
23,3,1,1.0714,10,1.0714,8.2704,5,5.8471,9.66,3.8129,6.1871,46.103
23,3,1,1.0714,10,1.0714,8.2704,6,6.9185,9.6604,2.742,7.258,33.154
23,3,1,1.0714,10,1.0714,8.2704,7,7.9899,14.582,6.5923,3.4077,79.71
23,3,1,1.0714,10,1.0714,8.2704,8,9.0613,14.583,5.5213,4.4787,66.76
23,3,1,1.0714,10,1.0714,8.2704,9,10.133,14.585,4.4524,5.5476,53.835
23,3,1,1.0714,10,1.0714,8.2704,10,11.204,14.586,3.3814,6.6186,40.886
23,3,1,1.0714,10,1.0714,8.2704,11,12.276,19.506,7.2302,2.7698,87.423
23,3,1,1.0714,10,1.0714,8.2704,12,13.347,19.506,6.1592,3.8408,74.473
23,3,1,1.0714,10,1.0714,8.2704,13,14.418,19.507,5.0882,4.9118,61.524
23,3,1,1.0714,10,1.0714,8.2704,14,15.49,19.507,4.0173,5.9827,48.574
23,3,1,1.0714,10,1.0714,8.2704,15,16.561,19.508,2.9463,7.0537,35.625
23,3,1,1.0714,10,1.0714,8.2704,16,17.633,24.429,6.7966,3.2034,82.181
23,3,1,1.0714,10,1.0714,8.2704,17,18.704,24.43,5.7257,4.2743,69.231
23,3,1,1.0714,10,1.0714,8.2704,18,19.775,24.432,4.6567,5.3433,56.306
23,3,1,1.0714,10,1.0714,8.2704,19,20.847,24.433,3.5857,6.4143,43.357
23,3,1,1.0714,10,1.0714,8.2704,20,21.918,29.353,7.4345,2.5655,89.893
23,3,1,1.0714,10,1.0714,8.2704,21,22.99,29.353,6.3635,3.6365,76.944
23,3,1,1.0714,10,1.0714,8.2704,22,24.061,29.354,5.2926,4.7074,63.994
23,3,1,1.0714,10,1.0714,8.2704,23,25.133,29.354,4.2216,5.7784,51.045
23,3,1,1.0714,10,1.0714,8.2704,24,26.204,29.355,3.1506,6.8494,38.096
23,3,1,1.0714,10,1.0714,8.2704,25,27.275,34.276,7.001,2.999,84.651
23,3,1,1.0714,10,1.0714,8.2704,26,28.347,34.277,5.93,4.07,71.702
23,3,1,1.0714,10,1.0714,8.2704,27,29.418,34.277,4.859,5.141,58.752
23,3,1,1.0714,10,1.0714,8.2704,28,30.49,34.28,3.7902,6.2098,45.829
23,3,1,1.0714,10,1.0714,8.2704,29,31.561,34.28,2.7192,7.2808,32.879
23,3,1,1.0714,10,1.0714,8.2704,30,32.632,39.2,6.5674,3.4326,79.409
23,3,1,1.0714,10,1.0714,8.2704,31,33.704,39.2,5.4965,4.5035,66.46
23,3,1,1.0714,10,1.0714,8.2704,32,34.775,39.201,4.4255,5.5745,53.51
23,3,1,1.0714,10,1.0714,8.2704,33,35.847,39.201,3.3545,6.6455,40.561
23,3,1,1.0714,10,1.0714,8.2704,34,36.918,44.123,7.2053,2.7947,87.122
23,3,1,1.0714,10,1.0714,8.2704,35,37.99,44.124,6.1344,3.8656,74.173
23,3,1,1.0714,10,1.0714,8.2704,36,39.061,44.124,5.0634,4.9366,61.223
23,3,1,1.0714,10,1.0714,8.2704,37,40.132,44.127,3.9945,6.0055,48.299
23,3,1,1.0714,10,1.0714,8.2704,38,41.204,44.127,2.9236,7.0764,35.35
23,3,1,1.0714,10,1.0714,8.2704,39,42.275,49.047,6.7718,3.2282,81.88
23,3,1,1.0714,10,1.0714,8.2704,40,43.347,49.047,5.7008,4.2992,68.931
23,3,1,1.0714,10,1.0714,8.2704,41,44.418,49.048,4.6298,5.3702,55.981
23,3,1,1.0714,10,1.0714,8.2704,42,45.489,49.048,3.5589,6.4411,43.032
23,3,1,1.0714,10,1.0714,8.2704,43,46.561,53.971,7.4097,2.5903,89.593
23,3,1,1.0714,10,1.0714,8.2704,44,47.632,53.971,6.3387,3.6613,76.643
23,3,1,1.0714,10,1.0714,8.2704,45,48.704,53.971,5.2677,4.7323,63.694
23,3,1,1.0714,10,1.0714,8.2704,46,49.775,53.974,4.1989,5.8011,50.77
23,3,1,1.0714,10,1.0714,8.2704,47,50.847,53.974,3.1279,6.8721,37.821
23,3,1,1.0714,10,1.0714,8.2704,48,51.918,58.894,6.9761,3.0239,84.351
23,3,1,1.0714,10,1.0714,8.2704,49,52.989,58.895,5.9052,4.0948,71.401
23,3,1,1.0714,10,1.0714,8.2704,50,54.061,58.895,4.8342,5.1658,58.452
23,3,1,1.0714,10,1.0714,8.2704,51,55.132,58.895,3.7632,6.2368,45.503
23,3,1,1.0714,10,1.0714,8.2704,52,56.204,58.896,2.6923,7.3077,32.553
23,3,1,1.0714,10,1.0714,8.2704,53,57.275,63.818,6.5426,3.4574,79.109
23,3,1,1.0714,10,1.0714,8.2704,54,58.346,63.818,5.4716,4.5284,66.159
23,3,1,1.0714,10,1.0714,8.2704,55,59.418,63.819,4.4007,5.5993,53.21
23,3,1,1.0714,10,1.0714,8.2704,56,60.489,63.821,3.3318,6.6682,40.286
23,3,1,1.0714,10,1.0714,8.2704,57,61.561,68.741,7.1805,2.8195,86.822
23,3,1,1.0714,10,1.0714,8.2704,58,62.632,68.742,6.1095,3.8905,73.872
23,3,1,1.0714,10,1.0714,8.2704,59,63.704,68.742,5.0385,4.9615,60.923
23,3,1,1.0714,10,1.0714,8.2704,60,64.775,68.743,3.9676,6.0324,47.973
23,3,1,1.0714,10,1.0714,8.2704,61,65.846,68.743,2.8966,7.1034,35.024
23,3,1,1.0714,10,1.0714,8.2704,62,66.918,73.665,6.7469,3.2531,81.58
23,3,1,1.0714,10,1.0714,8.2704,63,67.989,73.665,5.676,4.324,68.63
23,3,1,1.0714,10,1.0714,8.2704,64,69.061,73.666,4.605,5.395,55.681
23,3,1,1.0714,10,1.0714,8.2704,65,70.132,73.668,3.5362,6.4638,42.757
23,3,1,1.0714,10,1.0714,8.2704,66,71.203,78.588,7.3848,2.6152,89.293
23,3,1,1.0714,10,1.0714,8.2704,67,72.275,78.589,6.3138,3.6862,76.343
23,3,1,1.0714,10,1.0714,8.2704,68,73.346,78.589,5.2429,4.7571,63.394
23,3,1,1.0714,10,1.0714,8.2704,69,74.418,78.59,4.1719,5.8281,50.444
23,3,1,1.0714,10,1.0714,8.2704,70,75.489,78.59,3.1009,6.8991,37.495
23,3,1,1.0714,10,1.0714,8.2704,71,76.561,83.512,6.9513,3.0487,84.05
23,3,1,1.0714,10,1.0714,8.2704,72,77.632,83.512,5.8803,4.1197,71.101
23,3,1,1.0714,10,1.0714,8.2704,73,78.703,83.513,4.8093,5.1907,58.152
23,3,1,1.0714,10,1.0714,8.2704,74,79.775,83.515,3.7405,6.2595,45.228
23,3,1,1.0714,10,1.0714,8.2704,75,80.846,83.516,2.6695,7.3305,32.278
23,3,1,1.0714,10,1.0714,8.2704,76,81.918,88.435,6.5177,3.4823,78.808
23,3,1,1.0714,10,1.0714,8.2704,77,82.989,88.436,5.4468,4.5532,65.859
23,3,1,1.0714,10,1.0714,8.2704,78,84.06,88.436,4.3758,5.6242,52.909
23,3,1,1.0714,10,1.0714,8.2704,79,85.132,88.437,3.3048,6.6952,39.96
23,3,1,1.0714,10,1.0714,8.2704,80,86.203,93.359,7.1556,2.8444,86.521
23,3,1,1.0714,10,1.0714,8.2704,81,87.275,93.359,6.0847,3.9153,73.572
23,3,1,1.0714,10,1.0714,8.2704,82,88.346,93.36,5.0137,4.9863,60.622
23,3,1,1.0714,10,1.0714,8.2704,83,89.418,93.36,3.9427,6.0573,47.673
23,3,1,1.0714,10,1.0714,8.2704,84,90.489,93.363,2.8739,7.1261,34.749
23,3,1,1.0714,10,1.0714,8.2704,85,91.56,98.282,6.7221,3.2779,81.279
23,3,1,1.0714,10,1.0714,8.2704,86,92.632,98.283,5.6511,4.3489,68.33
23,3,1,1.0714,10,1.0714,8.2704,87,93.703,98.283,4.5802,5.4198,55.38
23,3,1,1.0714,10,1.0714,8.2704,88,94.775,98.284,3.5092,6.4908,42.431
23,3,1,1.0714,10,1.0714,8.2704,89,95.846,103.21,7.36,2.64,88.992
23,3,1,1.0714,10,1.0714,8.2704,90,96.917,103.21,6.289,3.711,76.043
23,3,1,1.0714,10,1.0714,8.2704,91,97.989,103.21,5.218,4.782,63.093
23,3,1,1.0714,10,1.0714,8.2704,92,99.06,103.21,4.1471,5.8529,50.144
23,3,1,1.0714,10,1.0714,8.2704,93,100.13,103.21,3.0782,6.9218,37.22
23,3,1,1.0714,10,1.0714,8.2704,94,101.2,108.13,6.9264,3.0736,83.75
23,3,1,1.0714,10,1.0714,8.2704,95,102.27,108.13,5.8555,4.1445,70.801
23,3,1,1.0714,10,1.0714,8.2704,96,103.35,108.13,4.7845,5.2155,57.851
23,3,1,1.0714,10,1.0714,8.2704,97,104.42,108.13,3.7135,6.2865,44.902
23,3,1,1.0714,10,1.0714,8.2704,98,105.49,113.05,7.5643,2.4357,91.463
23,3,1,1.0714,10,1.0714,8.2704,99,106.56,113.05,6.4933,3.5067,78.513
23,3,1,1.0714,10,1.0714,8.2704,100,107.63,113.05,5.4224,4.5776,65.564
23,3,1,1.0714,10,1.0714,8.2704,101,108.7,113.05,4.3514,5.6486,52.614
23,3,1,1.0714,10,1.0714,8.2704,102,109.77,113.06,3.2826,6.7174,39.691
23,3,1,1.0714,10,1.0714,8.2704,103,110.85,117.98,7.1308,2.8692,86.221
23,3,1,1.0714,10,1.0714,8.2704,104,111.92,117.98,6.0598,3.9402,73.271
23,3,1,1.0714,10,1.0714,8.2704,105,112.99,117.98,4.9888,5.0112,60.322
23,3,1,1.0714,10,1.0714,8.2704,106,114.06,117.98,3.9179,6.0821,47.372
23,3,1,1.0714,10,1.0714,8.2704,107,115.13,117.98,2.8469,7.1531,34.423
23,3,1,1.0714,10,1.0714,8.2704,108,116.2,122.9,6.6972,3.3028,80.979
23,3,1,1.0714,10,1.0714,8.2704,109,117.27,122.9,5.6263,4.3737,68.029
23,3,1,1.0714,10,1.0714,8.2704,110,118.35,122.9,4.5553,5.4447,55.08
23,3,1,1.0714,10,1.0714,8.2704,111,119.42,122.9,3.4843,6.5157,42.13
24,4,1,10,30,3.2142,19.342,0,3.09,14.583,11.493,18.507,59.422
24,4,1,10,30,3.2142,19.342,1,13.09,24.43,11.34,18.66,58.631
24,4,1,10,30,3.2142,19.342,2,23.09,34.278,11.188,18.812,57.843
24,4,1,10,30,3.2142,19.342,3,33.09,44.125,11.035,18.965,57.052
24,4,1,10,30,3.2142,19.342,4,43.09,53.972,10.882,19.118,56.262
24,4,1,10,30,3.2142,19.342,5,53.09,63.819,10.729,19.271,55.471
24,4,1,10,30,3.2142,19.342,6,63.09,73.666,10.576,19.424,54.681
24,4,1,10,30,3.2142,19.342,7,73.09,83.513,10.423,19.577,53.89
24,4,1,10,30,3.2142,19.342,8,83.09,93.361,10.271,19.729,53.102
24,4,1,10,30,3.2142,19.342,9,93.09,103.21,10.118,19.882,52.311
24,4,1,10,30,3.2142,19.342,10,103.09,113.05,9.965,20.035,51.521
24,4,1,10,30,3.2142,19.342,11,113.09,122.9,9.8121,20.188,50.73
25,4,1,1.0714,10,1.0714,8.2704,0,1.221,4.7354,3.5144,6.4856,42.494
25,4,1,1.0714,10,1.0714,8.2704,1,2.2924,9.6588,7.3664,2.6336,89.069
25,4,1,1.0714,10,1.0714,8.2704,2,3.3638,9.6592,6.2954,3.7046,76.12
25,4,1,1.0714,10,1.0714,8.2704,3,4.4352,9.6597,5.2244,4.7756,63.17
25,4,1,1.0714,10,1.0714,8.2704,4,5.5067,9.6601,4.1534,5.8466,50.221
25,4,1,1.0714,10,1.0714,8.2704,5,6.5781,9.6606,3.0825,6.9175,37.271
25,4,1,1.0714,10,1.0714,8.2704,6,7.6495,14.582,6.9328,3.0672,83.827
25,4,1,1.0714,10,1.0714,8.2704,7,8.7209,14.583,5.8618,4.1382,70.878
25,4,1,1.0714,10,1.0714,8.2704,8,9.7923,14.585,4.7929,5.2071,57.953
25,4,1,1.0714,10,1.0714,8.2704,9,10.864,14.586,3.7219,6.2781,45.003
25,4,1,1.0714,10,1.0714,8.2704,10,11.935,19.506,7.5707,2.4293,91.54
25,4,1,1.0714,10,1.0714,8.2704,11,13.007,19.506,6.4997,3.5003,78.591
25,4,1,1.0714,10,1.0714,8.2704,12,14.078,19.507,5.4288,4.5712,65.641
25,4,1,1.0714,10,1.0714,8.2704,13,15.149,19.507,4.3578,5.6422,52.692
25,4,1,1.0714,10,1.0714,8.2704,14,16.221,19.508,3.2868,6.7132,39.742
25,4,1,1.0714,10,1.0714,8.2704,15,17.292,24.429,7.1372,2.8628,86.298
25,4,1,1.0714,10,1.0714,8.2704,16,18.364,24.43,6.0662,3.9338,73.349
25,4,1,1.0714,10,1.0714,8.2704,17,19.435,24.432,4.9972,5.0028,60.423
25,4,1,1.0714,10,1.0714,8.2704,18,20.506,24.433,3.9263,6.0737,47.474
25,4,1,1.0714,10,1.0714,8.2704,19,21.578,29.353,7.775,2.225,94.011
25,4,1,1.0714,10,1.0714,8.2704,20,22.649,29.353,6.7041,3.2959,81.061
25,4,1,1.0714,10,1.0714,8.2704,21,23.721,29.354,5.6331,4.3669,68.112
25,4,1,1.0714,10,1.0714,8.2704,22,24.792,29.354,4.5621,5.4379,55.162
25,4,1,1.0714,10,1.0714,8.2704,23,25.864,29.355,3.4912,6.5088,42.213
25,4,1,1.0714,10,1.0714,8.2704,24,26.935,34.276,7.3415,2.6585,88.769
25,4,1,1.0714,10,1.0714,8.2704,25,28.006,34.277,6.2705,3.7295,75.819
25,4,1,1.0714,10,1.0714,8.2704,26,29.078,34.277,5.1996,4.8004,62.87
25,4,1,1.0714,10,1.0714,8.2704,27,30.149,34.28,4.1307,5.8693,49.946
25,4,1,1.0714,10,1.0714,8.2704,28,31.221,34.28,3.0598,6.9402,36.997
25,4,1,1.0714,10,1.0714,8.2704,29,32.292,39.2,6.908,3.092,83.527
25,4,1,1.0714,10,1.0714,8.2704,30,33.363,39.2,5.837,4.163,70.577
25,4,1,1.0714,10,1.0714,8.2704,31,34.435,39.201,4.766,5.234,57.628
25,4,1,1.0714,10,1.0714,8.2704,32,35.506,39.201,3.6951,6.3049,44.678
25,4,1,1.0714,10,1.0714,8.2704,33,36.578,44.124,7.5458,2.4542,91.24
25,4,1,1.0714,10,1.0714,8.2704,34,37.649,44.124,6.4749,3.5251,78.29
25,4,1,1.0714,10,1.0714,8.2704,35,38.721,44.124,5.4039,4.5961,65.341
25,4,1,1.0714,10,1.0714,8.2704,36,39.792,44.127,4.3351,5.6649,52.417
25,4,1,1.0714,10,1.0714,8.2704,37,40.863,44.127,3.2641,6.7359,39.467
25,4,1,1.0714,10,1.0714,8.2704,38,41.935,49.047,7.1123,2.8877,85.998
25,4,1,1.0714,10,1.0714,8.2704,39,43.006,49.048,6.0413,3.9587,73.048
25,4,1,1.0714,10,1.0714,8.2704,40,44.078,49.048,4.9704,5.0296,60.099
25,4,1,1.0714,10,1.0714,8.2704,41,45.149,49.048,3.8994,6.1006,47.149
25,4,1,1.0714,10,1.0714,8.2704,42,46.22,53.971,7.7502,2.2498,93.71
25,4,1,1.0714,10,1.0714,8.2704,43,47.292,53.971,6.6792,3.3208,80.761
25,4,1,1.0714,10,1.0714,8.2704,44,48.363,53.972,5.6083,4.3917,67.811
25,4,1,1.0714,10,1.0714,8.2704,45,49.435,53.974,4.5394,5.4606,54.888
25,4,1,1.0714,10,1.0714,8.2704,46,50.506,53.975,3.4684,6.5316,41.938
25,4,1,1.0714,10,1.0714,8.2704,47,51.578,58.894,7.3167,2.6833,88.468
25,4,1,1.0714,10,1.0714,8.2704,48,52.649,58.895,6.2457,3.7543,75.519
25,4,1,1.0714,10,1.0714,8.2704,49,53.72,58.895,5.1747,4.8253,62.569
25,4,1,1.0714,10,1.0714,8.2704,50,54.792,58.896,4.1038,5.8962,49.62
25,4,1,1.0714,10,1.0714,8.2704,51,55.863,58.896,3.0328,6.9672,36.671
25,4,1,1.0714,10,1.0714,8.2704,52,56.935,63.818,6.8831,3.1169,83.226
25,4,1,1.0714,10,1.0714,8.2704,53,58.006,63.818,5.8122,4.1878,70.277
25,4,1,1.0714,10,1.0714,8.2704,54,59.077,63.819,4.7412,5.2588,57.327
25,4,1,1.0714,10,1.0714,8.2704,55,60.149,63.821,3.6723,6.3277,44.404
25,4,1,1.0714,10,1.0714,8.2704,56,61.22,68.741,7.521,2.479,90.939
25,4,1,1.0714,10,1.0714,8.2704,57,62.292,68.742,6.45,3.55,77.99
25,4,1,1.0714,10,1.0714,8.2704,58,63.363,68.742,5.3791,4.6209,65.04
25,4,1,1.0714,10,1.0714,8.2704,59,64.435,68.743,4.3081,5.6919,52.091
25,4,1,1.0714,10,1.0714,8.2704,60,65.506,68.743,3.2371,6.7629,39.141
25,4,1,1.0714,10,1.0714,8.2704,61,66.577,73.665,7.0875,2.9125,85.697
25,4,1,1.0714,10,1.0714,8.2704,62,67.649,73.665,6.0165,3.9835,72.748
25,4,1,1.0714,10,1.0714,8.2704,63,68.72,73.666,4.9455,5.0545,59.798
25,4,1,1.0714,10,1.0714,8.2704,64,69.792,73.668,3.8767,6.1233,46.874
25,4,1,1.0714,10,1.0714,8.2704,65,70.863,78.588,7.7253,2.2747,93.41
25,4,1,1.0714,10,1.0714,8.2704,66,71.934,78.589,6.6544,3.3456,80.46
25,4,1,1.0714,10,1.0714,8.2704,67,73.006,78.589,5.5834,4.4166,67.511
25,4,1,1.0714,10,1.0714,8.2704,68,74.077,78.59,4.5124,5.4876,54.562
25,4,1,1.0714,10,1.0714,8.2704,69,75.149,78.59,3.4415,6.5585,41.612
25,4,1,1.0714,10,1.0714,8.2704,70,76.22,83.512,7.2918,2.7082,88.168
25,4,1,1.0714,10,1.0714,8.2704,71,77.292,83.512,6.2208,3.7792,75.218
25,4,1,1.0714,10,1.0714,8.2704,72,78.363,83.513,5.1499,4.8501,62.269
25,4,1,1.0714,10,1.0714,8.2704,73,79.434,83.515,4.081,5.919,49.345
25,4,1,1.0714,10,1.0714,8.2704,74,80.506,83.516,3.0101,6.9899,36.396
25,4,1,1.0714,10,1.0714,8.2704,75,81.577,88.435,6.8583,3.1417,82.926
25,4,1,1.0714,10,1.0714,8.2704,76,82.649,88.436,5.7873,4.2127,69.976
25,4,1,1.0714,10,1.0714,8.2704,77,83.72,88.436,4.7163,5.2837,57.027
25,4,1,1.0714,10,1.0714,8.2704,78,84.791,88.437,3.6454,6.3546,44.077
25,4,1,1.0714,10,1.0714,8.2704,79,85.863,93.359,7.4962,2.5038,90.639
25,4,1,1.0714,10,1.0714,8.2704,80,86.934,93.359,6.4252,3.5748,77.689
25,4,1,1.0714,10,1.0714,8.2704,81,88.006,93.36,5.3542,4.6458,64.74
25,4,1,1.0714,10,1.0714,8.2704,82,89.077,93.36,4.2832,5.7168,51.79
25,4,1,1.0714,10,1.0714,8.2704,83,90.149,93.363,3.2144,6.7856,38.867
25,4,1,1.0714,10,1.0714,8.2704,84,91.22,98.283,7.0626,2.9374,85.397
25,4,1,1.0714,10,1.0714,8.2704,85,92.291,98.283,5.9916,4.0084,72.447
25,4,1,1.0714,10,1.0714,8.2704,86,93.363,98.283,4.9207,5.0793,59.498
25,4,1,1.0714,10,1.0714,8.2704,87,94.434,98.284,3.8497,6.1503,46.548
25,4,1,1.0714,10,1.0714,8.2704,88,95.506,103.21,7.7005,2.2995,93.11
25,4,1,1.0714,10,1.0714,8.2704,89,96.577,103.21,6.6295,3.3705,80.16
25,4,1,1.0714,10,1.0714,8.2704,90,97.648,103.21,5.5586,4.4414,67.211
25,4,1,1.0714,10,1.0714,8.2704,91,98.72,103.21,4.4876,5.5124,54.261
25,4,1,1.0714,10,1.0714,8.2704,92,99.791,103.21,3.4188,6.5812,41.337
25,4,1,1.0714,10,1.0714,8.2704,93,100.86,108.13,7.267,2.733,87.867
25,4,1,1.0714,10,1.0714,8.2704,94,101.93,108.13,6.196,3.804,74.918
25,4,1,1.0714,10,1.0714,8.2704,95,103.01,108.13,5.125,4.875,61.969
25,4,1,1.0714,10,1.0714,8.2704,96,104.08,108.13,4.0541,5.9459,49.019
25,4,1,1.0714,10,1.0714,8.2704,97,105.15,113.05,7.9048,2.0952,95.58
25,4,1,1.0714,10,1.0714,8.2704,98,106.22,113.05,6.8339,3.1661,82.631
25,4,1,1.0714,10,1.0714,8.2704,99,107.29,113.05,5.7629,4.2371,69.681
25,4,1,1.0714,10,1.0714,8.2704,100,108.36,113.05,4.6919,5.3081,56.732
25,4,1,1.0714,10,1.0714,8.2704,101,109.43,113.06,3.6231,6.3769,43.808
25,4,1,1.0714,10,1.0714,8.2704,102,110.51,117.98,7.4713,2.5287,90.338
25,4,1,1.0714,10,1.0714,8.2704,103,111.58,117.98,6.4003,3.5997,77.389
25,4,1,1.0714,10,1.0714,8.2704,104,112.65,117.98,5.3294,4.6706,64.439
25,4,1,1.0714,10,1.0714,8.2704,105,113.72,117.98,4.2584,5.7416,51.49
25,4,1,1.0714,10,1.0714,8.2704,106,114.79,117.98,3.1874,6.8126,38.54
25,4,1,1.0714,10,1.0714,8.2704,107,115.86,122.9,7.0378,2.9622,85.096
25,4,1,1.0714,10,1.0714,8.2704,108,116.93,122.9,5.9668,4.0332,72.147
25,4,1,1.0714,10,1.0714,8.2704,109,118.01,122.9,4.8958,5.1042,59.197
25,4,1,1.0714,10,1.0714,8.2704,110,119.08,122.9,3.8249,6.1751,46.248
26,5,1,10,30,3.2142,19.342,0,1.753,14.583,12.83,17.17,66.335
26,5,1,10,30,3.2142,19.342,1,11.753,24.43,12.677,17.323,65.544
26,5,1,10,30,3.2142,19.342,2,21.753,34.278,12.525,17.475,64.756
26,5,1,10,30,3.2142,19.342,3,31.753,44.125,12.372,17.628,63.965
26,5,1,10,30,3.2142,19.342,4,41.753,53.972,12.219,17.781,63.175
26,5,1,10,30,3.2142,19.342,5,51.753,63.819,12.066,17.934,62.384
26,5,1,10,30,3.2142,19.342,6,61.753,73.666,11.913,18.087,61.594
26,5,1,10,30,3.2142,19.342,7,71.753,83.513,11.76,18.24,60.803
26,5,1,10,30,3.2142,19.342,8,81.753,93.361,11.608,18.392,60.015
26,5,1,10,30,3.2142,19.342,9,91.753,103.21,11.455,18.545,59.224
26,5,1,10,30,3.2142,19.342,10,101.75,113.06,11.302,18.698,58.434
26,5,1,10,30,3.2142,19.342,11,111.75,122.9,11.149,18.851,57.643
27,5,1,1.0714,10,1.0714,8.2704,0,1.72,4.7356,3.0156,6.9844,36.462
27,5,1,1.0714,10,1.0714,8.2704,1,2.7914,9.6589,6.8675,3.1325,83.037
27,5,1,1.0714,10,1.0714,8.2704,2,3.8628,9.6593,5.7965,4.2035,70.088
27,5,1,1.0714,10,1.0714,8.2704,3,4.9342,9.6598,4.7255,5.2745,57.138
27,5,1,1.0714,10,1.0714,8.2704,4,6.0057,9.6602,3.6546,6.3454,44.189
27,5,1,1.0714,10,1.0714,8.2704,5,7.0771,9.6607,2.5836,7.4164,31.239
27,5,1,1.0714,10,1.0714,8.2704,6,8.1485,14.582,6.4339,3.5661,77.795
27,5,1,1.0714,10,1.0714,8.2704,7,9.2199,14.583,5.363,4.637,64.846
27,5,1,1.0714,10,1.0714,8.2704,8,10.291,14.585,4.294,5.706,51.92
27,5,1,1.0714,10,1.0714,8.2704,9,11.363,14.586,3.223,6.777,38.971
27,5,1,1.0714,10,1.0714,8.2704,10,12.434,19.506,7.0718,2.9282,85.508
27,5,1,1.0714,10,1.0714,8.2704,11,13.506,19.506,6.0008,3.9992,72.558
27,5,1,1.0714,10,1.0714,8.2704,12,14.577,19.507,4.9299,5.0701,59.609
27,5,1,1.0714,10,1.0714,8.2704,13,15.648,19.507,3.8589,6.1411,46.659
27,5,1,1.0714,10,1.0714,8.2704,14,16.72,19.508,2.7879,7.2121,33.71
27,5,1,1.0714,10,1.0714,8.2704,15,17.791,24.43,6.6383,3.3617,80.266
27,5,1,1.0714,10,1.0714,8.2704,16,18.863,24.43,5.5673,4.4327,67.316
27,5,1,1.0714,10,1.0714,8.2704,17,19.934,24.432,4.4984,5.5016,54.391
27,5,1,1.0714,10,1.0714,8.2704,18,21.005,24.433,3.4274,6.5726,41.442
27,5,1,1.0714,10,1.0714,8.2704,19,22.077,29.353,7.2762,2.7238,87.979
27,5,1,1.0714,10,1.0714,8.2704,20,23.148,29.354,6.2052,3.7948,75.029
27,5,1,1.0714,10,1.0714,8.2704,21,24.22,29.354,5.1342,4.8658,62.08
27,5,1,1.0714,10,1.0714,8.2704,22,25.291,29.354,4.0632,5.9368,49.13
27,5,1,1.0714,10,1.0714,8.2704,23,26.363,29.355,2.9923,7.0077,36.181
27,5,1,1.0714,10,1.0714,8.2704,24,27.434,34.277,6.8426,3.1574,82.737
27,5,1,1.0714,10,1.0714,8.2704,25,28.505,34.277,5.7716,4.2284,69.787
27,5,1,1.0714,10,1.0714,8.2704,26,29.577,34.277,4.7007,5.2993,56.838
27,5,1,1.0714,10,1.0714,8.2704,27,30.648,34.28,3.6318,6.3682,43.914
27,5,1,1.0714,10,1.0714,8.2704,28,31.72,34.281,2.5609,7.4391,30.964
27,5,1,1.0714,10,1.0714,8.2704,29,32.791,39.2,6.4091,3.5909,77.495
27,5,1,1.0714,10,1.0714,8.2704,30,33.862,39.201,5.3381,4.6619,64.545
27,5,1,1.0714,10,1.0714,8.2704,31,34.934,39.201,4.2671,5.7329,51.596
27,5,1,1.0714,10,1.0714,8.2704,32,36.005,39.201,3.1962,6.8038,38.646
27,5,1,1.0714,10,1.0714,8.2704,33,37.077,44.124,7.047,2.953,85.207
27,5,1,1.0714,10,1.0714,8.2704,34,38.148,44.124,5.976,4.024,72.258
27,5,1,1.0714,10,1.0714,8.2704,35,39.22,44.125,4.905,5.095,59.308
27,5,1,1.0714,10,1.0714,8.2704,36,40.291,44.127,3.8362,6.1638,46.385
27,5,1,1.0714,10,1.0714,8.2704,37,41.362,44.128,2.7652,7.2348,33.435
27,5,1,1.0714,10,1.0714,8.2704,38,42.434,49.047,6.6134,3.3866,79.965
27,5,1,1.0714,10,1.0714,8.2704,39,43.505,49.048,5.5425,4.4575,67.016
27,5,1,1.0714,10,1.0714,8.2704,40,44.577,49.048,4.4715,5.5285,54.066
27,5,1,1.0714,10,1.0714,8.2704,41,45.648,49.049,3.4005,6.5995,41.117
27,5,1,1.0714,10,1.0714,8.2704,42,46.719,53.971,7.2513,2.7487,87.678
27,5,1,1.0714,10,1.0714,8.2704,43,47.791,53.971,6.1803,3.8197,74.729
27,5,1,1.0714,10,1.0714,8.2704,44,48.862,53.972,5.1094,4.8906,61.779
27,5,1,1.0714,10,1.0714,8.2704,45,49.934,53.974,4.0405,5.9595,48.856
27,5,1,1.0714,10,1.0714,8.2704,46,51.005,53.975,2.9696,7.0304,35.906
27,5,1,1.0714,10,1.0714,8.2704,47,52.077,58.894,6.8178,3.1822,82.436
27,5,1,1.0714,10,1.0714,8.2704,48,53.148,58.895,5.7468,4.2532,69.487
27,5,1,1.0714,10,1.0714,8.2704,49,54.219,58.895,4.6758,5.3242,56.537
27,5,1,1.0714,10,1.0714,8.2704,50,55.291,58.896,3.6049,6.3951,43.588
27,5,1,1.0714,10,1.0714,8.2704,51,56.362,58.896,2.5339,7.4661,30.638
27,5,1,1.0714,10,1.0714,8.2704,52,57.434,63.818,6.3842,3.6158,77.194
27,5,1,1.0714,10,1.0714,8.2704,53,58.505,63.818,5.3133,4.6867,64.245
27,5,1,1.0714,10,1.0714,8.2704,54,59.576,63.819,4.2423,5.7577,51.295
27,5,1,1.0714,10,1.0714,8.2704,55,60.648,63.821,3.1735,6.8265,38.371
27,5,1,1.0714,10,1.0714,8.2704,56,61.719,68.741,7.0221,2.9779,84.907
27,5,1,1.0714,10,1.0714,8.2704,57,62.791,68.742,5.9511,4.0489,71.957
27,5,1,1.0714,10,1.0714,8.2704,58,63.862,68.742,4.8802,5.1198,59.008
27,5,1,1.0714,10,1.0714,8.2704,59,64.934,68.743,3.8092,6.1908,46.059
27,5,1,1.0714,10,1.0714,8.2704,60,66.005,68.743,2.7382,7.2618,33.109
27,5,1,1.0714,10,1.0714,8.2704,61,67.076,73.665,6.5886,3.4114,79.665
27,5,1,1.0714,10,1.0714,8.2704,62,68.148,73.665,5.5176,4.4824,66.715
27,5,1,1.0714,10,1.0714,8.2704,63,69.219,73.666,4.4466,5.5534,53.766
27,5,1,1.0714,10,1.0714,8.2704,64,70.291,73.668,3.3778,6.6222,40.842
27,5,1,1.0714,10,1.0714,8.2704,65,71.362,78.588,7.2265,2.7735,87.378
27,5,1,1.0714,10,1.0714,8.2704,66,72.433,78.589,6.1555,3.8445,74.428
27,5,1,1.0714,10,1.0714,8.2704,67,73.505,78.589,5.0845,4.9155,61.479
27,5,1,1.0714,10,1.0714,8.2704,68,74.576,78.59,4.0136,5.9864,48.529
27,5,1,1.0714,10,1.0714,8.2704,69,75.648,78.59,2.9426,7.0574,35.58
27,5,1,1.0714,10,1.0714,8.2704,70,76.719,83.512,6.7929,3.2071,82.136
27,5,1,1.0714,10,1.0714,8.2704,71,77.791,83.512,5.722,4.278,69.186
27,5,1,1.0714,10,1.0714,8.2704,72,78.862,83.513,4.651,5.349,56.237
27,5,1,1.0714,10,1.0714,8.2704,73,79.933,83.516,3.5821,6.4179,43.313
27,5,1,1.0714,10,1.0714,8.2704,74,81.005,83.516,2.5112,7.4888,30.364
27,5,1,1.0714,10,1.0714,8.2704,75,82.076,88.436,6.3594,3.6406,76.894
27,5,1,1.0714,10,1.0714,8.2704,76,83.148,88.436,5.2884,4.7116,63.944
27,5,1,1.0714,10,1.0714,8.2704,77,84.219,88.436,4.2174,5.7826,50.995
27,5,1,1.0714,10,1.0714,8.2704,78,85.29,88.437,3.1465,6.8535,38.045
27,5,1,1.0714,10,1.0714,8.2704,79,86.362,93.359,6.9973,3.0027,84.606
27,5,1,1.0714,10,1.0714,8.2704,80,87.433,93.36,5.9263,4.0737,71.657
27,5,1,1.0714,10,1.0714,8.2704,81,88.505,93.36,4.8553,5.1447,58.708
27,5,1,1.0714,10,1.0714,8.2704,82,89.576,93.36,3.7844,6.2156,45.758
27,5,1,1.0714,10,1.0714,8.2704,83,90.648,93.363,2.7155,7.2845,32.834
27,5,1,1.0714,10,1.0714,8.2704,84,91.719,98.283,6.5637,3.4363,79.364
27,5,1,1.0714,10,1.0714,8.2704,85,92.79,98.283,5.4928,4.5072,66.415
27,5,1,1.0714,10,1.0714,8.2704,86,93.862,98.284,4.4218,5.5782,53.466
27,5,1,1.0714,10,1.0714,8.2704,87,94.933,98.284,3.3508,6.6492,40.516
27,5,1,1.0714,10,1.0714,8.2704,88,96.005,103.21,7.2016,2.7984,87.077
27,5,1,1.0714,10,1.0714,8.2704,89,97.076,103.21,6.1306,3.8694,74.128
27,5,1,1.0714,10,1.0714,8.2704,90,98.147,103.21,5.0597,4.9403,61.178
27,5,1,1.0714,10,1.0714,8.2704,91,99.219,103.21,3.9887,6.0113,48.229
27,5,1,1.0714,10,1.0714,8.2704,92,100.29,103.21,2.9199,7.0801,35.305
27,5,1,1.0714,10,1.0714,8.2704,93,101.36,108.13,6.7681,3.2319,81.835
27,5,1,1.0714,10,1.0714,8.2704,94,102.43,108.13,5.6971,4.3029,68.886
27,5,1,1.0714,10,1.0714,8.2704,95,103.5,108.13,4.6261,5.3739,55.936
27,5,1,1.0714,10,1.0714,8.2704,96,104.58,108.13,3.5552,6.4448,42.987
27,5,1,1.0714,10,1.0714,8.2704,97,105.65,113.05,7.406,2.594,89.548
27,5,1,1.0714,10,1.0714,8.2704,98,106.72,113.05,6.335,3.665,76.599
27,5,1,1.0714,10,1.0714,8.2704,99,107.79,113.05,5.264,4.736,63.649
27,5,1,1.0714,10,1.0714,8.2704,100,108.86,113.05,4.193,5.807,50.7
27,5,1,1.0714,10,1.0714,8.2704,101,109.93,113.06,3.1242,6.8758,37.776
27,5,1,1.0714,10,1.0714,8.2704,102,111,117.98,6.9724,3.0276,84.306
27,5,1,1.0714,10,1.0714,8.2704,103,112.08,117.98,5.9014,4.0986,71.357
27,5,1,1.0714,10,1.0714,8.2704,104,113.15,117.98,4.8305,5.1695,58.407
27,5,1,1.0714,10,1.0714,8.2704,105,114.22,117.98,3.7595,6.2405,45.458
27,5,1,1.0714,10,1.0714,8.2704,106,115.29,117.98,2.6885,7.3115,32.508
27,5,1,1.0714,10,1.0714,8.2704,107,116.36,122.9,6.5389,3.4611,79.064
27,5,1,1.0714,10,1.0714,8.2704,108,117.43,122.9,5.4679,4.5321,66.115
27,5,1,1.0714,10,1.0714,8.2704,109,118.5,122.9,4.3969,5.6031,53.165
27,5,1,1.0714,10,1.0714,8.2704,110,119.58,122.9,3.326,6.674,40.216
28,6,1,10,30,3.2142,19.342,0,11.062,24.431,13.369,16.631,69.117
28,6,1,10,30,3.2142,19.342,1,21.062,34.278,13.216,16.784,68.329
28,6,1,10,30,3.2142,19.342,2,31.062,44.125,13.063,16.937,67.538
28,6,1,10,30,3.2142,19.342,3,41.062,53.972,12.91,17.09,66.748
28,6,1,10,30,3.2142,19.342,4,51.062,63.819,12.757,17.243,65.957
28,6,1,10,30,3.2142,19.342,5,61.062,73.666,12.604,17.396,65.167
28,6,1,10,30,3.2142,19.342,6,71.062,83.513,12.451,17.549,64.376
28,6,1,10,30,3.2142,19.342,7,81.062,93.361,12.299,17.701,63.588
28,6,1,10,30,3.2142,19.342,8,91.062,103.21,12.146,17.854,62.797
28,6,1,10,30,3.2142,19.342,9,101.06,113.06,11.993,18.007,62.007
28,6,1,10,30,3.2142,19.342,10,111.06,122.9,11.84,18.16,61.216
29,7,1,10,30,3.2142,19.342,0,4.997,14.583,9.5864,20.414,49.563
29,7,1,10,30,3.2142,19.342,1,14.997,24.431,9.4336,20.566,48.773
29,7,1,10,30,3.2142,19.342,2,24.997,34.278,9.2812,20.719,47.985
29,7,1,10,30,3.2142,19.342,3,34.997,44.125,9.1283,20.872,47.194
29,7,1,10,30,3.2142,19.342,4,44.997,53.972,8.9753,21.025,46.404
29,7,1,10,30,3.2142,19.342,5,54.997,63.819,8.8224,21.178,45.613
29,7,1,10,30,3.2142,19.342,6,64.997,73.667,8.6695,21.33,44.823
29,7,1,10,30,3.2142,19.342,7,74.997,83.514,8.5166,21.483,44.032
29,7,1,10,30,3.2142,19.342,8,84.997,93.361,8.3641,21.636,43.244
29,7,1,10,30,3.2142,19.342,9,94.997,103.21,8.2112,21.789,42.453
29,7,1,10,30,3.2142,19.342,10,105,113.06,8.0583,21.942,41.663
29,7,1,10,30,3.2142,19.342,11,115,122.9,7.9054,22.095,40.872
30,8,1,10,30,3.2142,19.342,0,0.787,14.584,13.797,16.203,71.33
30,8,1,10,30,3.2142,19.342,1,10.787,24.431,13.644,16.356,70.54
30,8,1,10,30,3.2142,19.342,2,20.787,34.278,13.491,16.509,69.752
30,8,1,10,30,3.2142,19.342,3,30.787,44.125,13.338,16.662,68.961
30,8,1,10,30,3.2142,19.342,4,40.787,53.972,13.185,16.815,68.171
30,8,1,10,30,3.2142,19.342,5,50.787,63.82,13.033,16.967,67.38
30,8,1,10,30,3.2142,19.342,6,60.787,73.667,12.88,17.12,66.59
30,8,1,10,30,3.2142,19.342,7,70.787,83.514,12.727,17.273,65.799
30,8,1,10,30,3.2142,19.342,8,80.787,93.361,12.574,17.426,65.011
30,8,1,10,30,3.2142,19.342,9,90.787,103.21,12.421,17.579,64.22
30,8,1,10,30,3.2142,19.342,10,100.79,113.06,12.268,17.732,63.43
30,8,1,10,30,3.2142,19.342,11,110.79,122.9,12.116,17.884,62.639
31,9,1,10,30,3.2142,19.342,0,6.33,14.584,8.2537,21.746,42.673
31,9,1,10,30,3.2142,19.342,1,16.33,24.431,8.1009,21.899,41.883
31,9,1,10,30,3.2142,19.342,2,26.33,34.278,7.9484,22.052,41.094
31,9,1,10,30,3.2142,19.342,3,36.33,44.125,7.7955,22.205,40.304
31,9,1,10,30,3.2142,19.342,4,46.33,53.973,7.6426,22.357,39.513
31,9,1,10,30,3.2142,19.342,5,56.33,63.82,7.4897,22.51,38.723
31,9,1,10,30,3.2142,19.342,6,66.33,73.667,7.3367,22.663,37.932
31,9,1,10,30,3.2142,19.342,7,76.33,83.514,7.1838,22.816,37.142
31,9,1,10,30,3.2142,19.342,8,86.33,93.361,7.0314,22.969,36.353
31,9,1,10,30,3.2142,19.342,9,96.33,103.21,6.8785,23.122,35.563
31,9,1,10,30,3.2142,19.342,10,106.33,113.06,6.7255,23.274,34.772
31,9,1,10,30,3.2142,19.342,11,116.33,122.9,6.5726,23.427,33.982
32,10,1,10,30,3.2142,19.342,0,7.631,14.584,6.9528,23.047,35.947
32,10,1,10,30,3.2142,19.342,1,17.631,24.431,6.8,23.2,35.157
32,10,1,10,30,3.2142,19.342,2,27.631,34.279,6.6475,23.352,34.369
32,10,1,10,30,3.2142,19.342,3,37.631,44.126,6.4946,23.505,33.578
32,10,1,10,30,3.2142,19.342,4,47.631,53.973,6.3417,23.658,32.787
32,10,1,10,30,3.2142,19.342,5,57.631,63.82,6.1888,23.811,31.997
32,10,1,10,30,3.2142,19.342,6,67.631,73.667,6.0359,23.964,31.206
32,10,1,10,30,3.2142,19.342,7,77.631,83.514,5.8829,24.117,30.416
32,10,1,10,30,3.2142,19.342,8,87.631,93.361,5.7305,24.27,29.627
32,10,1,10,30,3.2142,19.342,9,97.631,103.21,5.5776,24.422,28.837
32,10,1,10,30,3.2142,19.342,10,107.63,113.06,5.4247,24.575,28.046
32,10,1,10,30,3.2142,19.342,11,117.63,122.9,5.2717,24.728,27.256
33,11,1,10,30,3.2142,19.342,0,3.315,14.584,11.269,18.731,58.262
33,11,1,10,30,3.2142,19.342,1,13.315,24.431,11.116,18.884,57.472
33,11,1,10,30,3.2142,19.342,2,23.315,34.279,10.964,19.036,56.684
33,11,1,10,30,3.2142,19.342,3,33.315,44.126,10.811,19.189,55.893
33,11,1,10,30,3.2142,19.342,4,43.315,53.973,10.658,19.342,55.102
33,11,1,10,30,3.2142,19.342,5,53.315,63.82,10.505,19.495,54.312
33,11,1,10,30,3.2142,19.342,6,63.315,73.667,10.352,19.648,53.521
33,11,1,10,30,3.2142,19.342,7,73.315,83.514,10.199,19.801,52.731
33,11,1,10,30,3.2142,19.342,8,83.315,93.362,10.047,19.953,51.942
33,11,1,10,30,3.2142,19.342,9,93.315,103.21,9.8937,20.106,51.152
33,11,1,10,30,3.2142,19.342,10,103.31,113.06,9.7408,20.259,50.361
33,11,1,10,30,3.2142,19.342,11,113.31,122.9,9.5879,20.412,49.571
34,12,1,10,30,3.2142,19.342,0,3.05,14.584,11.534,18.466,59.633
34,12,1,10,30,3.2142,19.342,1,13.05,24.431,11.381,18.619,58.843
34,12,1,10,30,3.2142,19.342,2,23.05,34.279,11.229,18.771,58.054
34,12,1,10,30,3.2142,19.342,3,33.05,44.126,11.076,18.924,57.264
34,12,1,10,30,3.2142,19.342,4,43.05,53.973,10.923,19.077,56.473
34,12,1,10,30,3.2142,19.342,5,53.05,63.82,10.77,19.23,55.683
34,12,1,10,30,3.2142,19.342,6,63.05,73.667,10.617,19.383,54.892
34,12,1,10,30,3.2142,19.342,7,73.05,83.514,10.464,19.536,54.101
34,12,1,10,30,3.2142,19.342,8,83.05,93.362,10.312,19.688,53.313
34,12,1,10,30,3.2142,19.342,9,93.05,103.21,10.159,19.841,52.523
34,12,1,10,30,3.2142,19.342,10,103.05,113.06,10.006,19.994,51.732
34,12,1,10,30,3.2142,19.342,11,113.05,122.9,9.853,20.147,50.941
35,13,1,10,30,3.2142,19.342,0,2.406,14.584,12.178,17.822,62.963
35,13,1,10,30,3.2142,19.342,1,12.406,24.431,12.025,17.975,62.173
35,13,1,10,30,3.2142,19.342,2,22.406,34.279,11.873,18.127,61.384
35,13,1,10,30,3.2142,19.342,3,32.406,44.126,11.72,18.28,60.594
35,13,1,10,30,3.2142,19.342,4,42.406,53.973,11.567,18.433,59.803
35,13,1,10,30,3.2142,19.342,5,52.406,63.82,11.414,18.586,59.013
35,13,1,10,30,3.2142,19.342,6,62.406,73.667,11.261,18.739,58.222
35,13,1,10,30,3.2142,19.342,7,72.406,83.514,11.108,18.892,57.432
35,13,1,10,30,3.2142,19.342,8,82.406,93.362,10.956,19.044,56.643
35,13,1,10,30,3.2142,19.342,9,92.406,103.21,10.803,19.197,55.853
35,13,1,10,30,3.2142,19.342,10,102.41,113.06,10.65,19.35,55.062
35,13,1,10,30,3.2142,19.342,11,112.41,122.9,10.497,19.503,54.272
36,14,1,10,30,3.2142,19.342,0,8.332,14.584,6.2522,23.748,32.325
36,14,1,10,30,3.2142,19.342,1,18.332,24.431,6.0994,23.901,31.535
36,14,1,10,30,3.2142,19.342,2,28.332,34.279,5.947,24.053,30.747
36,14,1,10,30,3.2142,19.342,3,38.332,44.126,5.794,24.206,29.956
36,14,1,10,30,3.2142,19.342,4,48.332,53.973,5.6411,24.359,29.166
36,14,1,10,30,3.2142,19.342,5,58.332,63.82,5.4882,24.512,28.375
36,14,1,10,30,3.2142,19.342,6,68.332,73.667,5.3353,24.665,27.584
36,14,1,10,30,3.2142,19.342,7,78.332,83.514,5.1824,24.818,26.794
36,14,1,10,30,3.2142,19.342,8,88.332,93.362,5.0299,24.97,26.006
36,14,1,10,30,3.2142,19.342,9,98.332,103.21,4.877,25.123,25.215
36,14,1,10,30,3.2142,19.342,10,108.33,113.06,4.7241,25.276,24.424
36,14,1,10,30,3.2142,19.342,11,118.33,122.9,4.5712,25.429,23.634
37,15,1,10,30,3.2142,19.342,0,10.538,14.584,4.0463,25.954,20.92
37,15,1,10,30,3.2142,19.342,1,20.538,34.279,13.741,16.259,71.043
37,15,1,10,30,3.2142,19.342,2,30.538,44.126,13.588,16.412,70.253
37,15,1,10,30,3.2142,19.342,3,40.538,53.973,13.435,16.565,69.462
37,15,1,10,30,3.2142,19.342,4,50.538,63.82,13.282,16.718,68.672
37,15,1,10,30,3.2142,19.342,5,60.538,73.667,13.129,16.871,67.881
37,15,1,10,30,3.2142,19.342,6,70.538,83.515,12.977,17.023,67.091
37,15,1,10,30,3.2142,19.342,7,80.538,93.362,12.824,17.176,66.302
37,15,1,10,30,3.2142,19.342,8,90.538,103.21,12.671,17.329,65.512
37,15,1,10,30,3.2142,19.342,9,100.54,113.06,12.518,17.482,64.721
37,15,1,10,30,3.2142,19.342,10,110.54,122.9,12.365,17.635,63.931
38,16,1,10,30,3.2142,19.342,0,1.633,14.584,12.951,17.049,66.961
38,16,1,10,30,3.2142,19.342,1,11.633,24.432,12.799,17.201,66.17
38,16,1,10,30,3.2142,19.342,2,21.633,34.279,12.646,17.354,65.383
38,16,1,10,30,3.2142,19.342,3,31.633,44.126,12.493,17.507,64.592
38,16,1,10,30,3.2142,19.342,4,41.633,53.973,12.34,17.66,63.802
38,16,1,10,30,3.2142,19.342,5,51.633,63.82,12.187,17.813,63.011
38,16,1,10,30,3.2142,19.342,6,61.633,73.668,12.035,17.965,62.22
38,16,1,10,30,3.2142,19.342,7,71.633,83.515,11.882,18.118,61.43
38,16,1,10,30,3.2142,19.342,8,81.633,93.362,11.729,18.271,60.642
38,16,1,10,30,3.2142,19.342,9,91.633,103.21,11.576,18.424,59.851
38,16,1,10,30,3.2142,19.342,10,101.63,113.06,11.423,18.577,59.06
38,16,1,10,30,3.2142,19.342,11,111.63,122.9,11.27,18.73,58.27
39,17,1,10,30,3.2142,19.342,0,6.379,14.585,8.2056,21.794,42.424
39,17,1,10,30,3.2142,19.342,1,16.379,24.432,8.0526,21.947,41.633
39,17,1,10,30,3.2142,19.342,2,26.379,34.279,7.9003,22.1,40.846
39,17,1,10,30,3.2142,19.342,3,36.379,44.126,7.7474,22.253,40.055
39,17,1,10,30,3.2142,19.342,4,46.379,53.973,7.5945,22.406,39.265
39,17,1,10,30,3.2142,19.342,5,56.379,63.821,7.4416,22.558,38.474
39,17,1,10,30,3.2142,19.342,6,66.379,73.668,7.2886,22.711,37.683
39,17,1,10,30,3.2142,19.342,7,76.379,83.515,7.1357,22.864,36.893
39,17,1,10,30,3.2142,19.342,8,86.379,93.362,6.9833,23.017,36.105
39,17,1,10,30,3.2142,19.342,9,96.379,103.21,6.8304,23.17,35.314
39,17,1,10,30,3.2142,19.342,10,106.38,113.06,6.6774,23.323,34.523
39,17,1,10,30,3.2142,19.342,11,116.38,122.9,6.5245,23.475,33.733
40,18,1,10,30,3.2142,19.342,0,1.828,14.585,12.757,17.243,65.954
40,18,1,10,30,3.2142,19.342,1,11.828,24.432,12.604,17.396,65.163
40,18,1,10,30,3.2142,19.342,2,21.828,34.279,12.451,17.549,64.376
40,18,1,10,30,3.2142,19.342,3,31.828,44.126,12.298,17.702,63.585
40,18,1,10,30,3.2142,19.342,4,41.828,53.974,12.146,17.854,62.795
40,18,1,10,30,3.2142,19.342,5,51.828,63.821,11.993,18.007,62.004
40,18,1,10,30,3.2142,19.342,6,61.828,73.668,11.84,18.16,61.213
40,18,1,10,30,3.2142,19.342,7,71.828,83.515,11.687,18.313,60.423
40,18,1,10,30,3.2142,19.342,8,81.828,93.362,11.534,18.466,59.635
40,18,1,10,30,3.2142,19.342,9,91.828,103.21,11.381,18.619,58.844
40,18,1,10,30,3.2142,19.342,10,101.83,113.06,11.229,18.771,58.053
40,18,1,10,30,3.2142,19.342,11,111.83,122.9,11.076,18.924,57.263
41,19,1,10,30,3.2142,19.342,0,4.549,14.585,10.036,19.964,51.887
41,19,1,10,30,3.2142,19.342,1,14.549,24.432,9.8829,20.117,51.096
41,19,1,10,30,3.2142,19.342,2,24.549,34.28,9.7305,20.269,50.308
41,19,1,10,30,3.2142,19.342,3,34.549,44.127,9.5776,20.422,49.518
41,19,1,10,30,3.2142,19.342,4,44.549,53.974,9.4247,20.575,48.727
41,19,1,10,30,3.2142,19.342,5,54.549,63.821,9.2718,20.728,47.937
41,19,1,10,30,3.2142,19.342,6,64.549,73.668,9.1189,20.881,47.146
41,19,1,10,30,3.2142,19.342,7,74.549,83.515,8.966,21.034,46.355
41,19,1,10,30,3.2142,19.342,8,84.549,93.362,8.8135,21.187,45.567
41,19,1,10,30,3.2142,19.342,9,94.549,103.21,8.6606,21.339,44.777
41,19,1,10,30,3.2142,19.342,10,104.55,113.06,8.5077,21.492,43.986
41,19,1,10,30,3.2142,19.342,11,114.55,122.9,8.3548,21.645,43.195
42,20,1,10,30,3.2142,19.342,0,9.854,14.585,4.7309,25.269,24.459
42,20,1,10,30,3.2142,19.342,1,19.854,24.432,4.578,25.422,23.669
42,20,1,10,30,3.2142,19.342,2,29.854,34.28,4.4256,25.574,22.881
42,20,1,10,30,3.2142,19.342,3,39.854,44.127,4.2727,25.727,22.091
42,20,1,10,30,3.2142,19.342,4,49.854,53.974,4.1198,25.88,21.3
42,20,1,10,30,3.2142,19.342,5,59.854,63.821,3.9669,26.033,20.509
42,20,1,10,30,3.2142,19.342,6,69.854,73.668,3.814,26.186,19.719
42,20,1,10,30,3.2142,19.342,7,79.854,83.515,3.6611,26.339,18.928
42,20,1,10,30,3.2142,19.342,8,89.854,93.363,3.5086,26.491,18.14
42,20,1,10,30,3.2142,19.342,9,99.854,103.21,3.3557,26.644,17.349
42,20,1,10,30,3.2142,19.342,10,109.85,113.06,3.2028,26.797,16.559
42,20,1,10,30,3.2142,19.342,11,119.85,122.9,3.0499,26.95,15.768
